{
  "1": {
    "title": [
      "First Blood",
      "Bone Collector",
      "Crimson Initiation",
      "Skull Splitter",
      "Death Toll Rising",
      "Grave Maker",
      "Butcher's Mark",
      "Final Breath",
      "Mass Grave",
      "Endless Silence"
    ],
    "details": [
      "Defeat your first Spearman",
      "Kill 10 Spearmen",
      "Kill 25 Spearmen",
      "Kill 50 Spearmen",
      "Kill 75 Spearmen",
      "Kill 100 Spearmen",
      "Kill 150 Spearmen",
      "Kill 200 Spearmen",
      "Kill 500 Spearmen",
      "Kill 1000 Spearmen"
    ],
    "reward": {
      "xp": [
        50,
        100,
        200,
        250,
        400,
        650,
        700,
        1000,
        5500,
        10000
      ]
    },
    "isCompleted": [
      true,
      true,
      true,
      false,
      false,
      false,
      false,
      false,
      false,
      false
    ],
    "has_given_xp": [
      true,
      true,
      true,
      false,
      false,
      false,
      false,
      false,
      false,
      false
    ],
    "objectives": {
      "skeletonsDefeated": 34,
      "requiredSkeletons": [
        1,
        10,
        25,
        50,
        75,
        100,
        150,
        200,
        500,
        1000
      ]
    }
  },
  "2": {
    "title": [
      "One Less Eye in The Sky",
      "Silent Arrow",
      "Featherfall Execution",
      "Quiver Cleanse",
      "String Breaker",
      "Rain of Silence",
      "Arrowstorm Ender",
      "The Last Draw",
      "Featherless Doom"
    ],
    "details": [
      "Defeat your first Archer",
      "Kill 5 Archers",
      "Kill 20 Archers",
      "Kill 50 Archers",
      "Kill 75 Archers",
      "Kill 100 Archers",
      "Kill 150 Archers",
      "Kill 200 Archers",
      "Kill 250 Archers"
    ],
    "reward": {
      "xp": [
        250,
        300,
        375,
        400,
        500,
        700,
        850,
        1500,
        1750
      ]
    },
    "isCompleted": [
      false,
      false,
      false,
      false,
      false,
      false,
      false,
      false,
      false
    ],
    "has_given_xp": [
      false,
      false,
      false,
      false,
      false,
      false,
      false,
      false,
      false
    ],
    "objectives": {
      "archersDefeated": 0,
      "requiredArchers": [
        1,
        5,
        20,
        50,
        75,
        100,
        150,
        200,
        250
      ]
    }
  },
  "3": {
    "title": [
      "Left Side Sweep",
      "Leftward Onslaught",
      "Leftward Massacre"
    ],
    "details": [
      "Kill 10 enemies that spawn from the left",
      "Kill 50 enemies that spawn from the left",
      "Kill 100 enemies that spawn from the left"
    ],
    "reward": {
      "xp": [
        300,
        500,
        1500
      ]
    },
    "isCompleted": [
      true,
      false,
      false
    ],
    "has_given_xp": [
      true,
      false,
      false
    ],
    "objectives": {
      "leftDefeated": 13,
      "requiredLeft": [
        10,
        50,
        100
      ]
    }
  },
  "4": {
    "title": [
      "Right Side Rampage",
      "Right Side Ruin",
      "Rightward Dominion"
    ],
    "details": [
      "Kill 10 enemies that spawn from the right",
      "Kill 50 enemies that spawn from the right",
      "Kill 100 enemies that spawn from the right"
    ],
    "reward": {
      "xp": [
        300,
        500,
        1500
      ]
    },
    "isCompleted": [
      true,
      false,
      false
    ],
    "has_given_xp": [
      true,
      false,
      false
    ],
    "objectives": {
      "rightDefeated": 21,
      "requiredRight": [
        10,
        50,
        100
      ]
    }
  },
  "5": {
    "title": [
      "Wave Rider",
      "Hold the Line",
      "Breaker of the Surge",
      "Tide Crusher",
      "Endless Defender"
    ],
    "details": [
      "Beat wave 3",
      "Beat wave 10",
      "Beat wave 20",
      "Beat wave 50",
      "Beat wave 100"
    ],
    "reward": {
      "xp": [
        150,
        700,
        1700,
        3000,
        5000
      ]
    },
    "isCompleted": [
      true,
      true,
      false,
      false,
      false
    ],
    "has_given_xp": [
      true,
      true,
      false,
      false,
      false
    ],
    "objectives": {
      "wavesDefeated": 16,
      "requiredWaves": [
        3,
        10,
        20,
        50,
        100
      ]
    }
  },
  "6": {
    "title": [
      "Skeleton Slayer",
      "Bone Reaper"
    ],
    "details": [
      "Kill only skeletons for one full wave",
      "Kill only skeletons for 3 waves"
    ],
    "reward": {
      "xp": [
        140,
        350
      ]
    },
    "isCompleted": [
      false,
      false
    ],
    "has_given_xp": [
      false,
      false
    ],
    "objectives": {
      "requiredWaves": [
        1,
        3
      ]
    }
  },
  "7": {
    "title": [
      "Archer Annihilator",
      "Arrowbane Executioner"
    ],
    "details": [
      "Kill only archers for one full wave",
      "Kill only archers for 3 waves"
    ],
    "reward": {
      "xp": [
        140,
        350
      ]
    },
    "isCompleted": [
      false,
      false
    ],
    "has_given_xp": [
      false,
      false
    ],
    "objectives": {
      "requiredWaves": [
        1,
        3
      ]
    }
  },
  "8": {
    "title": [
      "Split Sweep",
      "Evenhanded Execution"
    ],
    "details": [
      "Kill 5 enemies from each side in one run",
      "Kill 15 enemies from each side in one run"
    ],
    "reward": {
      "xp": [
        200,
        600
      ]
    },
    "isCompleted": [
      true,
      false
    ],
    "has_given_xp": [
      true,
      false
    ],
    "objectives": {
      "rightDefeated": 21,
      "leftDefeated": 13,
      "requiredRight": [
        5,
        15
      ],
      "requiredLeft": [
        5,
        15
      ]
    }
  },
  "9": {
    "title": [
      "Untouched Fury",
      "Flawless Onslaught"
    ],
    "details": [
      "Beat 1 wave without losing a heart",
      "Beat 3 waves without losing a heart"
    ],
    "reward": {
      "xp": [
        600,
        1500
      ]
    },
    "isCompleted": [
      false,
      false
    ],
    "has_given_xp": [
      false,
      false
    ],
    "objectives": {
      "wavesDefeated": 0,
      "requiredWaves": [
        1,
        3
      ]
    }
  },
  "10": {
    "title": [
      "Crack the Shell",
      "Shieldbreaker",
      "Ironclad Execution",
      "Hammerfall",
      "Warrior's End",
      "The Last Helm"
    ],
    "details": [
      "Defeat your first Warrior",
      "Kill 10 Warriors",
      "Kill 25 Warriors",
      "Kill 50 Warriors",
      "Kill 75 Warriors",
      "Kill 100 Warriors",
      "Kill 200 Warriors"
    ],
    "reward": {
      "xp": [
        300,
        600,
        750,
        1000,
        1500,
        2000,
        2850
      ]
    },
    "isCompleted": [
      false,
      false,
      false,
      false,
      false,
      false
    ],
    "has_given_xp": [
      false,
      false,
      false,
      false,
      false,
      false
    ],
    "objectives": {
      "warriorDefeated": 0,
      "requiredWarriors": [
        1,
        10,
        25,
        50,
        100,
        200
      ]
    }
  },
  "11": {
    "title": [
      "Shieldless Victory",
      "Waves of Valor"
    ],
    "details": [
      "Kill only warriors for one full wave",
      "Kill only warriors for 3 waves"
    ],
    "reward": {
      "xp": [
        600,
        1500
      ]
    },
    "isCompleted": [
      false,
      false
    ],
    "has_given_xp": [
      false,
      false
    ],
    "objectives": {
      "wavesDefeated": 0,
      "requiredWaves": [
        1,
        3
      ]
    }
  }
}