[
    {
        "hp": 57,
        "strength": 12,
        "life spawn time": 60000
    },
    {
        "total_xp": 1610,
        "upgrade_level": {
            "hp_upgrade": 2,
            "strength_upgrade": 2,
            "life_spawn_time_upgrade": 1
        },
        "required_xp": {
            "hp_required_xp": [
                90,
                250,
                330,
                400,
                490,
                560,
                650,
                730,
                800,
                850
            ],
            "strength_required_xp": [
                300,
                750,
                1220,
                1670,
                2120,
                2570,
                3020,
                3570,
                4220,
                5000
            ],
            "lives_spawn_time_required_xp": [
                95,
                165,
                335,
                725,
                1315,
                2205,
                3280,
                4520,
                6010,
                6765
            ]
        }
    },
    {
        "type": {
            "sword": "wooden",
            "sheild": "wooden"
        },
        "unlocked": {
            "wooden_sword": true,
            "wooden_sheild": true,
            "iron_sword": false,
            "iron_sheild": false,
            "diamond_sword": false,
            "diamond_sheild": false
        },
        "bonuses": {
            "wood": 0,
            "iron": 10,
            "diamond": 20
        },
        "required_xp": {
            "wooden": 0,
            "iron": 100,
            "diamond": 200
        }
    }
]